correlation1	contrast1	homogeneity1	energy1	dissimilarity1	correlation2	contrast2	homogeneity2	energy2	dissimilarity2	correlation3	contrast3	homogeneity3	energy3	dissimilarity3	correlation4	contrast4	homogeneity4	energy4	dissimilarity4	correlation5	contrast5	homogeneity5	energy5	dissimilarity5	correlation6	contrast6	homogeneity6	energy6	dissimilarity6	class
0.5165051431896756	0.08110320284697509	0.9594483985765124	0.8708281866865747	0.08110320284697509	0.8623489170557747	0.2215658362989324	0.8897722419928826	0.4551826209881199	0.2206405693950178	0.8912791846665256	0.13124555160142348	0.9343772241992884	0.5395253166256887	0.13124555160142348	0.9497023170201495	0.07163701067615658	0.9642669039145907	0.5566388874100198	0.07149466192170818	0.9422016539098411	0.08530249110320286	0.9573487544483985	0.5420491648796193	0.08530249110320286	1.0	0.0	1.0	1.0	0.0	1
0.8584387569839956	0.10010714285714287	0.9499464285714285	0.6178585879421581	0.10010714285714287	0.8418201784073571	0.11542857142857142	0.9429285714285714	0.610473156240138	0.11435714285714285	0.8169971385240009	0.08446428571428571	0.9586678571428572	0.7287101408569494	0.08296428571428571	0.8686377101000206	0.13810714285714287	0.932875	0.5424689542513291	0.13489285714285715	0.7159118962563779	0.13982142857142857	0.9300892857142857	0.622599850609998	0.13982142857142857	1.0	0.0	1.0	1.0	0.0	1
0.5381952084442967	0.24978571428571428	0.8787928571428572	0.5709781908162125	0.2436428571428571	0.49764193389658096	0.28414285714285714	0.8739268907563027	0.5559785063199799	0.2572857142857143	0.2025347121878522	0.040678571428571425	0.9861321428571427	0.966391790029662	0.029892857142857138	0.29376222802605606	0.15410714285714283	0.9357102941176471	0.840424837902394	0.13275	0.29574662463484375	0.34282142857142855	0.8302607142857142	0.5486794792211273	0.3400357142857143	-7.143367383384531e-05	0.00014285714285714287	0.9999285714285714	0.9998571479599127	0.00014285714285714287	1
0.5061502484435514	0.27817857142857144	0.862925	0.5486498083886461	0.2748214285714286	0.4931694060154922	0.28328571428571425	0.8589142857142856	0.5390190778873514	0.28235714285714286	0.3852750377829075	0.029500000000000005	0.9852500000000001	0.9609523390674398	0.029500000000000005	0.3404336280971096	0.12171428571428572	0.9403428571428571	0.8519776663020874	0.11971428571428572	0.2954078335061628	0.3370714285714286	0.8319785714285713	0.5498302404991443	0.3362142857142857	-0.00027673556535082243	0.0006785714285714286	0.9996607142857143	0.9993215823747629	0.0006785714285714286	1
0.8844394627790028	0.05453571428571429	0.9727321428571429	0.6919125667307973	0.05453571428571429	0.851083883614809	0.18682142857142853	0.9065892857142858	0.4956311143689551	0.18682142857142853	0.6949124010357854	0.1349642857142857	0.9325178571428572	0.6790028290344118	0.1349642857142857	0.8214990050234587	0.12682142857142856	0.9365892857142857	0.6122637841049645	0.12682142857142856	0.4672107060261452	0.17589285714285713	0.9120535714285714	0.7368410130899532	0.17589285714285713	1.0	0.0	1.0	1.0	0.0	1
0.8496887958065369	0.07714285714285715	0.9620285714285715	0.655658369853679	0.07614285714285715	0.8512323183088805	0.1714642857142857	0.9150392857142857	0.5519596212309263	0.17017857142857146	0.6618360319262033	0.12275	0.938925	0.7468606370833114	0.12225	0.808236968161269	0.1327142857142857	0.9349134453781514	0.628788150544606	0.13057142857142856	0.4994082397019627	0.1885714285714286	0.9057571428571429	0.6962918437211895	0.18850000000000006	1.0	0.00010714285714285714	0.9999464285714286	0.9998928628832681	0.00010714285714285714	1
0.6827848297950456	0.09671428571428574	0.9519428571428573	0.8242093892615753	0.09621428571428572	0.6796819287411917	0.29378571428571426	0.8641642857142857	0.5091612901505328	0.27535714285714286	0.655073366713906	0.18553571428571428	0.907575	0.6179027955883664	0.1849642857142857	0.6663284461314185	0.2054285714285714	0.8985285714285713	0.5981315166620881	0.20335714285714288	0.5304324269154437	0.21314285714285713	0.8935142857142857	0.6211790241967615	0.213	0.7390027208901642	0.11317857142857143	0.9434107142857143	0.6826608784748105	0.11317857142857143	1
0.8001753872301266	0.11353571428571427	0.9432321428571429	0.6249804384693874	0.11353571428571427	0.7966634505121196	0.11275	0.943625	0.6282048809496624	0.11275	0.8644596722454341	0.0075	0.9962500000000001	0.9692390385119195	0.0075	0.7019683752606865	0.09021428571428572	0.9548928571428571	0.81115575613706	0.09021428571428572	0.6368489384977644	0.14975	0.9251250000000001	0.6799181166935937	0.14975	1.0	0.0	1.0	1.0	0.0	1
0.5782034485879405	0.18446428571428572	0.9194149159663866	0.7895164885639094	0.16503571428571429	0.5380328244472252	0.17703571428571424	0.9174821428571427	0.7774632808443266	0.16703571428571426	0.5069122533114848	0.039607142857142855	0.9810964285714286	0.945529153491335	0.03810714285714285	0.5529362580815014	0.32160714285714287	0.8496913865546218	0.5297340543776159	0.30410714285714285	0.2517607233787546	0.4149642857142858	0.7981699579831933	0.508469542362376	0.4055357142857143	0.49826384729072315	0.00975	0.995125	0.9853580450987429	0.00975	1
0.7608482092410305	0.025928571428571426	0.9905096638655462	0.9649214412350375	0.020071428571428573	0.7921246114685413	0.14303571428571427	0.9313964285714286	0.6050643560812354	0.13817857142857143	0.7672230532987692	0.12671428571428572	0.9383142857142857	0.6328215888110219	0.12392857142857143	0.6545629518845961	0.25289285714285714	0.879846396250808	0.5911713920648718	0.24210714285714285	0.439805760978955	0.24421428571428574	0.8787500000000001	0.6780077753000676	0.24278571428571433	0.44442968085535417	0.003285714285714286	0.9983571428571428	0.9953964572685887	0.003285714285714286	1
0.3924170154840271	0.34385714285714286	0.8329571428571428	0.5445309158967441	0.33571428571428574	0.3774792420556653	0.35692857142857143	0.8252642857142858	0.5182040562148765	0.35071428571428565	0.42881789680219773	0.03539285714285714	0.9832035714285713	0.9533286475314174	0.03389285714285714	0.3090753208887796	0.2266071428571429	0.8927342436974791	0.7401729320826014	0.21653571428571428	0.10149522990926878	0.41728571428571426	0.7928571428571428	0.5485968255839769	0.41478571428571426	0.07091590373432194	0.0036785714285714286	0.9981607142857143	0.9961820496377197	0.0036785714285714286	1
0.37031053943821785	0.3401071428571429	0.8310607142857143	0.5454208050595767	0.33825	0.37067491452752327	0.3506785714285715	0.8256464285714287	0.5203868900213787	0.3490357142857144	0.5746344362603889	0.023035714285714277	0.9884821428571426	0.9613421739995618	0.023035714285714277	0.328559275811595	0.21185714285714285	0.8948000000000002	0.7403120911797529	0.21064285714285713	0.07850261216510093	0.4167857142857143	0.7917357142857142	0.5533981018974257	0.4165714285714286	0.19618366094171694	0.0020357142857142857	0.9989821428571427	0.9977153557615763	0.0020357142857142857	1
0.36755643780493713	0.36242857142857143	0.8216142857142856	0.5102903360253027	0.3577142857142857	0.3596619204964414	0.35257142857142854	0.8256000000000001	0.5246430297578243	0.3494285714285714	0.3770106840093285	0.0372857142857143	0.9814428571428573	0.9513048423408895	0.03714285714285715	0.24878720586014216	0.17178571428571426	0.9159928571428572	0.8086027237128987	0.16864285714285715	0.13947450516570628	0.35932142857142857	0.8208535714285715	0.5967959732383166	0.35846428571428574	0.046067939369343065	0.004321428571428572	0.9978392857142858	0.9955763239635296	0.004321428571428572	1
0.4099199063643893	0.34132142857142855	0.830625	0.5199544892760974	0.33917857142857144	0.40413334250687244	0.3417142857142857	0.8302142857142857	0.5149480308631114	0.3399285714285714	0.6189117045358729	0.022178571428571433	0.9889107142857144	0.9594793323911226	0.022178571428571433	0.33761599903327844	0.1714642857142857	0.9151678571428571	0.7913942085758191	0.1699642857142857	0.14055793869782132	0.38817857142857154	0.8059535714285716	0.559908882437717	0.38810714285714293	0.1621985718706235	0.003642857142857143	0.9981785714285714	0.996003400074108	0.003642857142857143	1
0.8592146758410432	0.074	0.9632571428571428	0.6563216063946152	0.07357142857142858	0.8361560170069432	0.16989285714285712	0.9150964285714287	0.5626910786568418	0.16982142857142857	0.5811141236790395	0.14882142857142855	0.9256321428571429	0.7443740522021417	0.14875	0.7786755911670686	0.15782142857142856	0.9213035714285714	0.6035529012371962	0.15746428571428572	0.5204243196570866	0.16724999999999998	0.9165464285714287	0.7222825426580457	0.16696428571428573	-0.00010715433796478192	0.00021428571428571427	0.9998928571428571	0.9997857257677665	0.00021428571428571427	1
0.8389561524932428	0.08492857142857144	0.958392857142857	0.6532210868192377	0.0835	0.8355709013152454	0.18067857142857144	0.9098321428571428	0.5717267860238339	0.18039285714285716	0.5779277394339056	0.16253571428571428	0.9187321428571429	0.7243276773558177	0.16253571428571428	0.7795020365226137	0.16103571428571428	0.9199964285714286	0.6047616012841384	0.16017857142857145	0.47318728729332704	0.1643571428571429	0.917907142857143	0.7473884839348058	0.16421428571428576	1.0	0.0	1.0	1.0	0.0	1
0.7014411591480595	0.13321428571428573	0.9337785714285715	0.6798246378775237	0.13257142857142856	0.7200421002995254	0.17575	0.9121678571428572	0.671905666362322	0.17567857142857143	0.35694070121008503	0.1309642857142857	0.9346892857142854	0.8360976303333116	0.13067857142857142	0.7559211617900312	0.12035714285714287	0.9403357142857144	0.7081988435748935	0.11950000000000001	0.3946011729361405	0.21489285714285716	0.8927250000000002	0.6908226997942529	0.2146071428571429	-0.00014287755393627656	0.0002857142857142858	0.999857142857143	0.9997143061282814	0.0002857142857142858	1
0.8110640881116863	0.09775	0.9515964285714285	0.6466460151253938	0.09696428571428573	0.8037764170784878	0.18975000000000003	0.9052535714285714	0.5786168500689152	0.18953571428571428	0.5100627088825531	0.15339285714285714	0.9233464285714287	0.7661171015355982	0.15332142857142855	0.7787328611578703	0.14717857142857144	0.926925	0.6287923171137068	0.14632142857142857	0.43354261675379074	0.2064642857142857	0.8970678571428571	0.6926605575310201	0.2059642857142857	-3.571556127004536e-05	7.142857142857145e-05	0.9999642857142859	0.9999285727041729	7.142857142857145e-05	1
0.7586528969614664	0.17289285714285715	0.9165964285714285	0.5825771057840099	0.16782142857142857	0.7059939293069055	0.1444285714285714	0.9277857142857142	0.6210156448290566	0.1444285714285714	0.4649177100662681	0.23339285714285715	0.8836892857142857	0.6365719475344127	0.23275	0.4978707828680187	0.21664285714285716	0.8928357142857144	0.7210194543640475	0.21471428571428575	0.655229209834023	0.1502857142857143	0.9278142857142858	0.7632769109943932	0.14535714285714285	0.434239338106594	0.063	0.9685	0.9111441744491664	0.063	1
0.7085694624223475	0.2657857142857143	0.8717785714285714	0.5613425870179457	0.258	0.6178699667388362	0.22267857142857145	0.8893035714285714	0.6131519770324283	0.22160714285714286	0.6419686202422022	0.1712142857142857	0.915207142857143	0.6571210128356908	0.16985714285714287	0.7524896495960048	0.18689285714285714	0.9106678571428571	0.5906516334023095	0.18003571428571424	0.6644572839184412	0.08867857142857144	0.958875	0.899902581178788	0.08332142857142857	0.7107852115048099	0.018571428571428572	0.9907142857142858	0.9579245435432006	0.018571428571428572	1
0.6379029249449738	0.26789285714285715	0.8729107142857143	0.5616107415283293	0.2564642857142857	0.5940295661396616	0.2415	0.8811357142857144	0.5861718726497497	0.23835714285714285	0.4751331017490638	0.07721428571428572	0.96165	0.8995409189113736	0.07678571428571428	0.5128882998323222	0.22817857142857145	0.8923392857142858	0.728479866445413	0.2174642857142857	0.4747183800031561	0.2518214285714286	0.8778178571428571	0.6512840319753913	0.24560714285714286	0.5281101944243183	0.010785714285714286	0.9946071428571429	0.983120722287877	0.010785714285714286	1
0.5765296116096277	0.23410714285714285	0.9088749999999999	0.6975015763276752	0.19089285714285714	0.6068109043958555	0.43589285714285714	0.8324535714285715	0.45871388252418105	0.3518928571428572	0.5210677433901846	0.2606785714285715	0.879132142857143	0.6196465273666522	0.2448928571428572	0.5379218765794161	0.39921428571428574	0.8445357142857144	0.5109834380678027	0.32564285714285723	0.37107415232315594	0.28828571428571426	0.8593714285714285	0.6081276634901924	0.2824285714285714	0.6951224829579115	0.123	0.9384999999999999	0.699415581476596	0.123	1
0.7203828219023473	0.22824999999999998	0.8909750000000001	0.6852354150068367	0.21974999999999997	0.42808279023258217	0.20157142857142857	0.8992571428571429	0.7026648364967323	0.20149999999999998	0.5226000928985989	0.24885714285714286	0.8759142857142856	0.6224725651687432	0.24828571428571428	0.6474743980423512	0.3372142857142857	0.8346499999999998	0.4933594541715077	0.33178571428571424	0.8334429223053866	0.07885714285714285	0.9651142857142858	0.9003711791278537	0.07128571428571429	0.6663463856230524	0.039964285714285716	0.9800178571428572	0.9175271405094395	0.039964285714285716	1
0.6105544405485389	0.20260714285714287	0.9052107142857144	0.6879574730271324	0.19175000000000003	0.638053650750647	0.3797857142857143	0.838007142857143	0.464375208407677	0.3332857142857143	0.5559420748897819	0.21267857142857147	0.899232142857143	0.663818560777456	0.2033928571428572	0.5759380963438068	0.36857142857142855	0.8337999999999999	0.49230301146960376	0.3384285714285714	0.377595414921945	0.30475	0.8489107142857143	0.5814446536034892	0.30260714285714285	0.6460736091477454	0.14489285714285716	0.9275535714285714	0.6846070021910231	0.14489285714285716	1
0.5226136566594778	0.01810035842293907	0.9909498207885306	0.9720359783951749	0.01810035842293907	0.6374482114755701	0.2082437275985663	0.8967813620071685	0.5711016072230871	0.20673835125448028	0.5621227178441947	0.2345519713261649	0.8828960573476703	0.5747156509251348	0.2342652329749104	0.3839007883049002	0.17207885304659498	0.9147347670250896	0.7850144436086806	0.17078853046594983	0.3643850366483587	0.23652329749103942	0.8817813620071684	0.6829144874515085	0.2364516129032258	0.4033837432844344	0.09702508960573478	0.9514874551971327	0.8663973584795159	0.09702508960573478	1
0.6255517257980844	0.1482795698924731	0.9272795698924732	0.7806109869392077	0.14591397849462368	0.6659754455433233	0.3310394265232975	0.8435125448028674	0.48677823538957876	0.31598566308243725	0.6299199482801225	0.20501792114695339	0.8988673835125448	0.6185228673036063	0.20272401433691756	0.5878868498272705	0.37146953405017924	0.8220931899641578	0.4784109762709983	0.3584229390681004	0.36886439907804747	0.33928315412186383	0.8334982078853047	0.5476462773187508	0.33405017921146957	0.6123675581166858	0.16164874551971326	0.9191756272401433	0.6699040100569305	0.16164874551971326	1
0.5970838703541937	0.16720430107526885	0.9178172043010753	0.749263674211996	0.16483870967741937	0.6608642444546643	0.3346953405017921	0.8418034998945815	0.4788027735290994	0.319426523297491	0.6122298764514523	0.19910394265232975	0.9013082437275985	0.6409409373199013	0.19767025089605733	0.5806066203072132	0.3727956989247312	0.8231075268817205	0.47602125304177834	0.35695340501792117	0.34841271746864916	0.34584229390681004	0.8309498207885305	0.5484573056937586	0.3393906810035842	0.6512886054799144	0.1443010752688172	0.9278494623655914	0.6813213708636695	0.1443010752688172	1
0.5807952340770555	0.2684587813620072	0.8732974910394267	0.5821409668114494	0.25591397849462366	0.5875700493693095	0.24910394265232977	0.8766523297491041	0.5815848429827205	0.24709677419354845	0.6196130325648033	0.05236559139784947	0.9751505376344088	0.9059754911419885	0.05014336917562725	0.5327415782287037	0.2128673835125448	0.898899641577061	0.7074016659179657	0.20397849462365591	0.3937462569798332	0.327741935483871	0.8418924731182796	0.5478521461343124	0.3181362007168459	-0.0004302925989672978	0.0008602150537634409	0.9995698924731183	0.9991399700979744	0.0008602150537634409	1
0.41269010646732673	0.4128673835125448	0.8117547965422729	0.5005805239777671	0.38254480286738346	0.40904938717525463	0.39161290322580644	0.8149361163820368	0.49926012498125166	0.3736917562724014	0.3656909603765123	0.09401433691756272	0.9541111111111112	0.8815487768921266	0.09215053763440859	0.3856003743262902	0.3435483870967742	0.8455591397849461	0.6333251161248129	0.3146594982078853	0.20257669130259065	0.44390681003584237	0.7900870756904913	0.5141380755349583	0.4237634408602151	-0.0009327688885699935	0.001863799283154122	0.999068100358423	0.9981370707750232	0.001863799283154122	1
0.7181353881935232	0.22681003584229392	0.8877562724014336	0.6649563543181491	0.22487455197132616	0.6373003360819846	0.22161290322580646	0.8897096774193548	0.6547412769140337	0.22075268817204302	0.8324979495833364	0.02838709677419355	0.9858924731182795	0.9372708306635378	0.028243727598566307	0.6559159371625324	0.29258064516129034	0.8554301075268818	0.5401761566253496	0.28971326164874556	0.34852114478458324	0.4135125448028674	0.7941899641577062	0.5143054128450181	0.4119354838709678	0.5814174042898352	0.012616487455197133	0.9936917562724015	0.9784691293434589	0.012616487455197133	1
0.5210078218459755	0.135295608413888	0.9503385105535643	0.8933912545146443	0.10531841714637413	0.45415560006799116	0.156619963071576	0.9362876072553493	0.8580527053615016	0.1322906484196807	0.30880189186477724	0.09004018681438038	0.9560225915064626	0.8951844645451589	0.0883023786249593	0.4908795826268863	0.3010028601426451	0.8660946381376489	0.6464182022309026	0.2733427464610261	0.24254474217915442	0.38517794431772934	0.8123203359762501	0.532648709261115	0.3769957640925384	0.16815864849463102	0.01169400094131277	0.9941529995293436	0.9871105282562013	0.01169400094131277	1
0.7789855899412012	0.15198580789978638	0.9250497809637594	0.5986093410908562	0.1502479997103653	0.761042210122125	0.15669237174613518	0.9226530538358494	0.5940679220257917	0.15502697223127332	0.4972150266382895	0.058288983020165816	0.9708555084899172	0.9120526004770726	0.058288983020165816	0.4476702549999188	0.345679012345679	0.8286376307881684	0.5706797927793622	0.34321711741066574	0.3444685999622343	0.33970529669454397	0.8305383584953477	0.5353271141291873	0.33905361862351113	0.22572295378819981	0.005865102639296188	0.9970674486803519	0.9932750433193535	0.005865102639296188	1
0.7857359451879712	0.12143369175627242	0.9406594982078854	0.6371454865961036	0.11913978494623656	0.7768873430980794	0.12437275985663084	0.9391469534050181	0.6384195785926705	0.12215053763440861	0.4122945780462956	0.07003584229390683	0.9650250896057349	0.9056389338166296	0.0699641577060932	0.5033187198946775	0.2516487455197133	0.8758100358422939	0.6405875090314942	0.2489247311827957	0.3801985288560978	0.25154121863799284	0.8743154121863799	0.6385262238096162	0.2513978494623656	1.0	0.0	1.0	1.0	0.0	1
0.7720762196539899	0.09921146953405018	0.9541362007168459	0.7685677398949023	0.09297491039426523	0.8044149762785109	0.19379928315412187	0.9047777777777779	0.5383186446413595	0.1910035842293907	0.731428371756713	0.1568458781362007	0.9217060931899642	0.6011904639306901	0.15663082437275985	0.7817701724221245	0.16265232974910399	0.9212544802867386	0.6209341692631748	0.15835125448028675	0.5891108329418232	0.23534050179211471	0.8840071684587814	0.6153738525102525	0.23254480286738355	-0.00015209050539524138	0.0003225806451612903	0.9998387096774193	0.9996774482692413	0.0003225806451612903	1
0.8315014390827689	0.12103942652329747	0.9406845878136201	0.616316495008242	0.11903225806451612	0.8250457360768394	0.11681003584229394	0.9420250896057349	0.6138666702929856	0.11609318996415774	0.6178987805927966	0.1110394265232975	0.9444802867383513	0.8163906485166709	0.1110394265232975	0.7017352196441777	0.22978494623655915	0.886483870967742	0.5685977447923057	0.22749103942652327	0.4737832286976088	0.24028673835125447	0.8802867383512546	0.625530943143831	0.23956989247311825	-0.0012794676828140473	0.0025806451612903226	0.9987096774193548	0.9974210562771841	0.0025806451612903226	1
0.7640819801936417	0.10591397849462367	0.9473440860215054	0.7458321064545009	0.10541218637992833	0.7613404018312067	0.16738351254480288	0.9165663082437276	0.6297018278756281	0.16695340501792116	0.7042256388894105	0.1507168458781362	0.924641577060932	0.6484787011458842	0.1507168458781362	0.758496991034476	0.15559139784946235	0.9223333333333332	0.6142404306441331	0.1553763440860215	0.5360763431167077	0.21232974910394264	0.8938351254480288	0.6419121529354119	0.21232974910394264	-0.0001603174689723419	0.0003225806451612903	0.9998387096774193	0.9996774456990721	0.0003225806451612903	1
0.8058456918724037	0.013942652329749103	0.9932437275985663	0.9742354861331679	0.013584229390681003	0.7115657559905286	0.16913978494623658	0.9167583807716637	0.6447185059602738	0.16691756272401437	0.6327896534850366	0.15344086021505376	0.9236236559139784	0.7133442955666079	0.1528673835125448	0.5799958389338392	0.285089605734767	0.8585254058612692	0.5474460029931146	0.2832974910394265	0.3648404549218159	0.29035842293906805	0.8552939068100358	0.627730489339217	0.28956989247311826	-0.000657436036565815	0.0013261648745519713	0.999336917562724	0.9986742834273762	0.0013261648745519713	1
0.8092605639394314	0.013750000000000002	0.9936392857142858	0.975461447579701	0.012892857142857143	0.7110336617359058	0.17725	0.9124035714285714	0.614762889831751	0.1755357142857143	0.6598811057900081	0.15667857142857144	0.9217035714285714	0.6747424546462456	0.15660714285714286	0.5906863675382057	0.27339285714285716	0.8640321428571429	0.5640013953702524	0.27217857142857144	0.3878649489784147	0.2737857142857143	0.86375	0.64645907386599	0.2727142857142857	0.10224574190268616	0.00125	0.999375	0.9986789679984499	0.00125	1
0.5688684191485844	0.12296428571428572	0.9385178571428572	0.8027535774585182	0.12296428571428572	0.6118887299690338	0.10825000000000001	0.9458750000000001	0.8114931045138151	0.10825000000000001	0.5922413290781497	0.04417857142857143	0.9779107142857143	0.92237114995283	0.04417857142857143	0.6669600267040549	0.13864285714285715	0.9306785714285714	0.7058434562237419	0.13864285714285715	0.7553472672023688	0.12346428571428575	0.9382678571428573	0.6315962063353001	0.12346428571428575	1.0	0.0	1.0	1.0	0.0	1
0.5842216006103788	0.21760714285714283	0.8921821428571428	0.6631426263309749	0.2159642857142857	0.5542617589670678	0.20271428571428574	0.8990285714285716	0.6858744827754194	0.2020714285714286	0.5520478277695157	0.11474999999999999	0.9427107142857143	0.805656246326495	0.11460714285714285	0.5516456395687026	0.22632142857142862	0.8873107142857144	0.631536301007152	0.22553571428571434	0.4382835121569617	0.28110714285714283	0.859875	0.5799474861870632	0.2803928571428571	-0.0004989723451970134	0.001	0.9995	0.9990002515270057	0.001	1
0.5576807093660449	0.1665357142857143	0.9170321428571429	0.7501172544397064	0.16603571428571431	0.5325568326677157	0.15421428571428572	0.9229785714285716	0.7648598461049407	0.1540714285714286	0.6017190540524082	0.07517857142857144	0.9624107142857145	0.8635085585054991	0.07517857142857144	0.5587537430101162	0.18214285714285716	0.9092285714285716	0.7002064874021092	0.18164285714285716	0.4403620909837724	0.2833928571428571	0.8583464285714285	0.5638391225539862	0.28332142857142856	-0.0002857959416976278	0.0005714285714285715	0.9997142857142857	0.9994286531078951	0.0005714285714285715	1
0.5729751919602712	0.19364285714285714	0.9036928571428571	0.705077590172362	0.1927857142857143	0.5436103239023128	0.1814642857142857	0.9093964285714287	0.7211379329693778	0.18125	0.5611076056481947	0.09	0.955	0.8470432442638695	0.09	0.5305687794100339	0.20825	0.8963464285714285	0.6784949468176922	0.2074642857142857	0.3972563895029607	0.31125	0.8447607142857142	0.5502559840285097	0.31060714285714286	-0.000407372823386954	0.0008214285714285715	0.9995892857142858	0.9991787431257162	0.0008214285714285715	1
0.46029035470406243	0.18689285714285714	0.9089107142857142	0.7312628526691872	0.18296428571428572	0.6012624843450498	0.23324999999999999	0.8870178571428571	0.579990191683428	0.2271785714285714	0.29033318045200407	0.058678571428571434	0.9706607142857144	0.928909827075123	0.058678571428571434	0.6090914829308287	0.23246428571428568	0.8920392857142858	0.5888893970337515	0.21867857142857144	0.2328651929193029	0.21289285714285716	0.8937249999999999	0.7482787357171996	0.21260714285714286	0.6057492236645072	0.19232142857142856	0.9038392857142856	0.6060228008945552	0.19232142857142856	1
0.6589601398586271	0.28414285714285714	0.8613142857142857	0.527984717813781	0.27849999999999997	0.519531202515786	0.1775	0.91125	0.6997438325004722	0.1775	0.448750773346017	0.15239285714285714	0.9240607142857143	0.7802797395413874	0.15196428571428572	0.6679052224557206	0.21010714285714285	0.8964892857142857	0.6183022117055704	0.20753571428571427	0.6848315396698512	0.2073214285714286	0.8980964285714287	0.5763554542935094	0.20439285714285715	0.19300268540357327	0.1347142857142857	0.9326428571428572	0.8469303636169425	0.1347142857142857	1
0.7659010982526431	0.20467857142857143	0.8986892857142859	0.5615078006618267	0.20296428571428574	0.5817133476374187	0.07175000000000001	0.964125	0.8745149078086616	0.07175000000000001	0.4279181995615773	0.08107142857142857	0.9594642857142857	0.8903142918460346	0.08107142857142857	0.7650288980103814	0.15875	0.9211821428571428	0.5883137547088219	0.15782142857142858	0.7347812047317854	0.193	0.9039714285714286	0.6197120463636022	0.19221428571428573	0.24733154994372744	0.05260714285714285	0.9736964285714287	0.9385082836445227	0.05260714285714285	1
0.6668275089673704	0.2955357142857143	0.8547607142857142	0.517748106747689	0.29132142857142856	0.48626473927267466	0.15921428571428572	0.9206071428571428	0.7487913049490805	0.15885714285714286	0.4337140036484775	0.13521428571428573	0.9324357142857143	0.8106300538369358	0.13514285714285715	0.6947723647671992	0.23275	0.8853392857142857	0.5522693095819489	0.22989285714285715	0.6571340762404269	0.23978571428571427	0.8817357142857143	0.5541330423025038	0.2370714285714286	0.22403194404629256	0.1143214285714286	0.9428392857142858	0.8670591260469062	0.1143214285714286	1
0.41851421819939555	0.3680714285714285	0.8257785714285714	0.5091644941891147	0.35171428571428565	0.3470947824422738	0.3066785714285714	0.8479035714285714	0.5742284908413006	0.30460714285714285	0.33781171039262753	0.26857142857142857	0.8662285714285716	0.6483395569625912	0.26771428571428574	0.3571094270832855	0.31325	0.8525464285714285	0.6518660087528317	0.2979642857142857	0.3600959304601086	0.32150000000000006	0.8443071428571431	0.6019707812083336	0.31307142857142867	0.16133093836278378	0.24150000000000005	0.8792500000000001	0.7275856829407849	0.24150000000000005	1
0.7832712092753322	0.2507500000000001	0.8759107142857144	0.4813887780289907	0.24860714285714294	0.5615094962582365	0.14810714285714285	0.9259892857142857	0.7371738279069736	0.14803571428571427	0.49800281490704273	0.12264285714285714	0.9387214285714286	0.8122456053863188	0.12257142857142857	0.78045785162122	0.16892857142857143	0.9167357142857142	0.5818991580179859	0.16692857142857143	0.7714796441642022	0.1983214285714286	0.902725	0.5600195855722278	0.19517857142857145	-0.00010715433796478192	0.00021428571428571427	0.9998928571428571	0.9997857257677665	0.00021428571428571427	1
0.8187133743114253	0.23760714285714288	0.8821392857142857	0.47214787656722423	0.23603571428571427	0.6899134734152073	0.14410714285714285	0.9281178571428572	0.655223133437638	0.14382142857142857	0.3550752080967333	0.12196428571428572	0.9390607142857144	0.8474876481551281	0.12189285714285716	0.7894177512716516	0.22785714285714284	0.8866714285714286	0.5109863061785911	0.22685714285714287	0.8318744743421329	0.1305	0.9362928571428573	0.6225554335616571	0.12792857142857142	-0.00015154723770638908	0.0003214285714285714	0.9998392857142857	0.9996786001367782	0.0003214285714285714	1
0.4241297863248568	0.18525	0.9124321428571428	0.7860912780644368	0.1768214285714286	0.34366030044136714	0.11264285714285716	0.9436785714285716	0.8537879088903444	0.11264285714285716	0.2796855955053155	0.04982142857142857	0.9751321428571428	0.9409035659450777	0.04975	0.3545151692912509	0.24857142857142855	0.8792285714285714	0.7124972663749922	0.2427142857142857	0.40060452795077145	0.3013928571428571	0.8577035714285715	0.640512073919559	0.2873928571428571	0.3945589005961219	0.03403571428571428	0.9829821428571429	0.954451793984807	0.03403571428571428	1
0.4971989952120127	0.2353928571428572	0.8868892857142859	0.6884627322328126	0.22775000000000004	0.4068190315179977	0.17214285714285715	0.9141428571428571	0.754093867648113	0.17178571428571426	0.3094762717368986	0.10825000000000003	0.9461321428571431	0.8694035399664087	0.1078214285714286	0.3760743439654707	0.23328571428571426	0.8864000000000001	0.7337170932717759	0.22821428571428573	0.41497507620662716	0.26660714285714276	0.8735964285714284	0.6957596127798091	0.25510714285714275	0.5146318163542191	0.031035714285714285	0.9844821428571429	0.9519178479709866	0.031035714285714285	1
0.4208459010325032	0.1640714285714286	0.9199357142857145	0.7871615534466162	0.16078571428571434	0.2666425634406273	0.08807142857142859	0.9560500000000001	0.8945951427253309	0.08792857142857144	0.21806599102810176	0.057714285714285725	0.9711428571428572	0.9346664252719321	0.057714285714285725	0.41089020998039333	0.2377142857142857	0.8824285714285713	0.6556801014276422	0.2355714285714286	0.4650817309011052	0.27378571428571435	0.8679928571428571	0.5965029893693162	0.2656428571428572	0.5559242295122037	0.029964285714285714	0.9850178571428572	0.9505180233720463	0.029964285714285714	1
0.3318704395075481	0.19857142857142862	0.9029000000000001	0.7599834047597385	0.19492857142857148	0.13701143710112862	0.05832142857142859	0.970925	0.9370431975536841	0.05817857142857144	0.19605067453175495	0.04489285714285716	0.9776392857142859	0.9501355394717889	0.044750000000000005	0.3955707268854613	0.2900357142857144	0.8572535714285715	0.5775886803543414	0.28625000000000006	0.43792060574025793	0.3212857142857143	0.8455714285714285	0.5375839991317162	0.31092857142857144	0.4511700704315058	0.0475	0.9762500000000001	0.9317846807747651	0.0475	1
0.4283832243305181	0.15346428571428575	0.9248964285714288	0.7950482288669601	0.15075000000000002	0.2182721764324507	0.05707142857142857	0.9715499999999999	0.9346619204890316	0.05692857142857143	0.22093208367076933	0.044357142857142866	0.9778214285714286	0.9496365792518007	0.044357142857142866	0.40308485622194723	0.26717857142857143	0.8678250000000001	0.6071991360470851	0.26482142857142854	0.4570942674827332	0.2980714285714286	0.8553357142857143	0.5566828137297224	0.2907857142857143	0.5507185087225139	0.04032142857142857	0.9798392857142856	0.9335742089257975	0.04032142857142857	1
0.2586371242228255	0.31642857142857145	0.8439285714285714	0.6200847765443374	0.31285714285714283	0.3017179717425441	0.014857142857142857	0.9925714285714285	0.9818834371674031	0.014857142857142857	0.33699532870796517	0.08925000000000001	0.9553750000000001	0.8855365446658741	0.08925000000000001	0.3092614706015301	0.05357142857142856	0.9735142857142854	0.9351939065547542	0.05307142857142856	0.28254629290977956	0.17896428571428574	0.9177178571428573	0.8097369045510009	0.16696428571428573	0.27971961118933564	0.3370714285714286	0.8314642857142858	0.5556379033073938	0.3370714285714286	1
0.6482705988618948	0.2958928571428571	0.8591678571428573	0.5094593047175264	0.2840357142857143	0.7190022168624448	0.35228571428571426	0.8333285714285715	0.45074827243378407	0.3365	0.7832341475434353	0.13960714285714285	0.9324678571428572	0.6054608718546053	0.13582142857142857	0.7330642202324686	0.27325	0.8785464285714284	0.5220633660421552	0.24796428571428572	0.3756743606295364	0.19239285714285714	0.9063321428571429	0.7673254155619681	0.18817857142857142	0.013230498292254585	0.06760714285714285	0.9661964285714286	0.9319075524023238	0.06760714285714285	2
0.2550077011801666	1.0486071428571426	0.6832661764705884	0.3606689929131413	0.7021785714285713	0.21941474729611643	0.69125	0.7496892857142856	0.44915237630770377	0.5323928571428572	0.15382272996642402	0.4682857142857143	0.7894714285714287	0.548765341936063	0.42892857142857144	0.24913700332425362	1.054107142857143	0.6679262605042017	0.3515087198093965	0.7286785714285715	0.21418195968031198	0.7552142857142858	0.7610911764705882	0.5155082864196723	0.5238571428571428	0.11599912568548457	0.23267857142857143	0.8836607142857142	0.7471675852914151	0.23267857142857143	2
0.2290058854223491	1.2015357142857144	0.6660052521008404	0.3401005816111535	0.7561071428571429	0.17616783035202532	0.7612857142857142	0.7388857142857144	0.4540229979340928	0.5620714285714286	0.15131852160594986	0.49003571428571424	0.7872107142857143	0.5418796603735285	0.4363214285714286	0.23637409425678438	1.1750000000000003	0.6706638655462186	0.34526275486643393	0.7440714285714286	0.22677446327967934	0.8273214285714285	0.7626182773109244	0.5048178697635941	0.5331785714285715	0.14717170426608353	0.23457142857142857	0.8827142857142857	0.7385433073535598	0.23457142857142857	2
0.2739710797308175	1.0363571428571428	0.6924012605042016	0.3902292007034233	0.6850714285714286	0.19370465292288375	0.7385	0.7325684873949581	0.4163820636857256	0.5687857142857142	0.2094171863913421	0.5272500000000001	0.7709607142857144	0.4899465063470018	0.4696071428571429	0.27414774075010745	1.0706428571428572	0.6777629282482224	0.3469030770949707	0.7150714285714286	0.2524602893021976	0.6407857142857143	0.7979735294117646	0.5808037753925194	0.4433571428571428	0.1086552507802311	0.24642857142857144	0.8767857142857143	0.7333805305235613	0.24642857142857144	2
0.46929706174575025	0.03510714285714286	0.9825321428571427	0.9495780977758018	0.03496428571428571	0.46815129235264064	0.33549999999999996	0.840778377504848	0.5328679743249959	0.3212142857142858	0.505653200607103	0.08428571428571428	0.9596899159663865	0.8732284194006626	0.08121428571428571	0.492466928729888	0.24425	0.884384243697479	0.6639137341767916	0.23339285714285712	0.40783794634787723	0.030464285714285715	0.9859149159663866	0.9615674491077958	0.028535714285714286	0.006545006824446155	0.018000000000000002	0.991	0.9819396672933025	0.018000000000000002	2
0.347263670260318	0.035107142857142865	0.9824464285714286	0.9557491799096451	0.035107142857142865	0.5497905811897604	0.24667857142857147	0.8855170168067226	0.683156070628619	0.23189285714285715	0.4520452093841287	0.15442857142857142	0.9265521008403362	0.795229082319898	0.14814285714285713	0.5807242932446828	0.2830357142857143	0.8670107142857142	0.5588820268159992	0.26882142857142854	0.14783503241387264	0.03235714285714286	0.985707142857143	0.9692198419557951	0.029214285714285717	0.004419594686787678	0.02482142857142857	0.9875892857142857	0.9751224504478126	0.02482142857142857	2
0.16188204707457324	0.08675000000000001	0.9703544117647057	0.9342690775058723	0.06375	0.48512987767854276	0.29542857142857143	0.8698899159663865	0.6578479796166544	0.2660714285714286	0.4052577939167763	0.14821428571428572	0.9347214285714285	0.8254787942739161	0.1335	0.4975679606782663	0.378	0.8402303167420815	0.507204714537414	0.32892857142857146	0.08106906179264996	0.05982142857142857	0.9787262605042018	0.9573862203938388	0.04539285714285714	0.015139103922113307	0.03692857142857143	0.9815357142857143	0.9627874166678112	0.03692857142857143	2
0.12318236176337322	0.5260714285714286	0.8308743697478993	0.662783968790521	0.36942857142857144	0.5783688353392613	0.9789285714285714	0.7188287976729153	0.3110090924912725	0.6307857142857143	0.5521110139167835	0.6673928571428571	0.7914892857142857	0.40982744626767703	0.4584642857142857	0.5758152079564759	1.1620000000000004	0.6995719457013574	0.30238921061089064	0.6919285714285716	0.11827405311218181	0.51875	0.80603256302521	0.5858953509329955	0.40967857142857145	0.026813676443107254	0.09864285714285716	0.9506785714285715	0.8999327781018096	0.09864285714285716	2
0.13938046932535655	0.5151071428571428	0.8360665966386553	0.6727070616667603	0.3589642857142856	0.5599109201984028	1.0701785714285714	0.6978670168067227	0.29368359866095517	0.6810357142857143	0.5484328155306641	0.6986428571428571	0.7823684873949579	0.38709042212118755	0.479	0.5547611127275865	1.236392857142857	0.6867412572721396	0.2896954901975803	0.7256071428571429	0.1203801213300551	0.5152142857142857	0.807686974789916	0.5913239080958205	0.4063571428571428	0.050048850019664436	0.10617857142857143	0.9469107142857143	0.8908151463687627	0.10617857142857143	2
0.13987204904185777	0.6620714285714285	0.8059079831932774	0.6089220297093103	0.4335714285714285	0.5164090931733568	1.2376785714285714	0.6697420976082741	0.28079339125312147	0.7549642857142858	0.47527770840469175	0.8116785714285715	0.7570279411764707	0.37822007280072767	0.5398214285714287	0.49422531627154936	1.49	0.6554284159401806	0.2739909176582021	0.8177142857142856	0.08280892379694298	0.6491428571428571	0.7787016806722689	0.5476494577477719	0.4769285714285715	0.03344942840334219	0.11953571428571427	0.9402321428571428	0.8781561257102571	0.11953571428571427	2
0.02188415266928343	0.28550000000000003	0.8683449579831932	0.7405446096472185	0.267	0.22670581698720374	0.5416428571428573	0.7922377181641889	0.5464195377404526	0.4363571428571429	0.1170781345487992	0.2567142857142857	0.892536974789916	0.7787440585156777	0.22185714285714286	0.2752581791925817	0.62575	0.7650202811893989	0.4492678681443163	0.49582142857142864	0.0021101392851368855	0.19142857142857142	0.9176042016806722	0.8398727050656462	0.1692142857142857	0.1250463934747756	0.4341785714285714	0.7829107142857142	0.5093403271659834	0.4341785714285714	2
0.02811069879825391	0.23725000000000007	0.8909750000000002	0.7847568582246429	0.22125	0.21095667604314358	0.5657857142857143	0.7862896250808016	0.5391787429384941	0.4502142857142857	0.1138436906713337	0.25278571428571434	0.8977231092436976	0.7895659231114117	0.21250000000000002	0.24395057937349018	0.6612142857142858	0.7527424369747898	0.441496848048471	0.5222142857142857	0.0007353759198751466	0.17342857142857143	0.9313563025210085	0.8681554631304611	0.14314285714285713	0.07599305820972366	0.3762142857142857	0.8118928571428571	0.5992329024916534	0.3762142857142857	2
0.052484200933760765	0.24842857142857144	0.8849142857142858	0.7691355437722778	0.2332142857142857	0.2248616779483845	0.5522857142857143	0.790915578539108	0.5433894922669397	0.4402857142857143	0.11475373196435618	0.2552142857142857	0.8947063025210085	0.7833632878915928	0.218	0.26947220947322775	0.6309285714285715	0.7618953781512605	0.44763706429040323	0.5019285714285714	-0.0047085854631854305	0.1807142857142857	0.925235294117647	0.8557529638885755	0.15464285714285714	0.12212305282831486	0.3915	0.80425	0.5631329069752249	0.3915	2
0.14335191632113503	0.44646428571428576	0.7872754201680672	0.5127349386836622	0.42889285714285713	0.13914309101252845	0.4305000000000001	0.8454783775048482	0.706668408658487	0.3292142857142858	0.12567435212182876	0.34475	0.8652219618616677	0.7378271187363996	0.2820357142857143	0.16003500569299026	0.6575	0.7403361021331609	0.45955587477565374	0.542	0.1213700582856087	0.5526428571428571	0.7803859405300583	0.5296538458546028	0.458	0.25745632376742505	0.19778571428571434	0.901107142857143	0.7582898926034093	0.19778571428571434	2
0.13665323705934102	0.45032142857142865	0.7833527310924371	0.5098378343620046	0.4361071428571429	0.14369040601495575	0.4436071428571429	0.8392791047188106	0.6954443594874125	0.34175000000000005	0.12347731279545751	0.34992857142857137	0.862177731092437	0.7309026063012493	0.288	0.1571114936873282	0.6575714285714286	0.7396784744667098	0.46070146715279153	0.5432857142857143	0.11970217621765586	0.5760714285714286	0.7721721719457013	0.5147540749261352	0.47557142857142853	0.25515870898462784	0.21957142857142858	0.8902571428571429	0.7307976666573566	0.2195	2
0.13485566475862426	0.45407142857142857	0.7794785714285715	0.49992679311013904	0.44321428571428567	0.14123947226061523	0.4568214285714287	0.833689285714286	0.6851010855698448	0.3533214285714286	0.12650416371274142	0.36117857142857146	0.8560535714285715	0.7200485084991405	0.3001071428571429	0.17414827625422935	0.6529285714285715	0.7439878151260506	0.4586734171187913	0.5355000000000002	0.11758874866929436	0.5898571428571429	0.7697263736263736	0.5094046419946665	0.48192857142857143	0.3847523339589952	0.21539285714285714	0.8923464285714287	0.6947546898594011	0.21532142857142855	2
0.19755075389866927	0.3809642857142857	0.81638256302521	0.5586584650859995	0.36946428571428575	0.10299869830388585	0.45910714285714294	0.8309077731092437	0.6808670942261787	0.3583214285714287	0.08751611297299369	0.37007142857142855	0.8510827731092435	0.710075163095357	0.3098571428571428	0.11106838689757141	0.6421071428571429	0.7537352456367163	0.5125456599869211	0.51725	0.12968905837172293	0.6916785714285714	0.7432003673194849	0.44640993389667377	0.5428928571428572	0.09389268127851129	0.11939285714285715	0.9403035714285717	0.8744368202168872	0.11939285714285715	2
0.03248252451025566	0.4317142857142857	0.8036806722689076	0.6044957925952058	0.3991428571428572	0.10020511619270729	0.5893214285714286	0.7842191176470588	0.5775592468946102	0.4578214285714286	0.09475540732911517	0.42907142857142855	0.8195735294117646	0.630207090598651	0.37221428571428566	0.1139352120149176	0.59175	0.795408193277311	0.5934062323844038	0.43939285714285714	0.009353377936137422	0.2364642857142857	0.8984292016806723	0.802859062021092	0.2086785714285714	0.11348703540925648	0.3362857142857143	0.8318571428571429	0.6316888623978983	0.3362857142857143	2
0.05464973391839974	0.42314285714285715	0.7954571428571429	0.5733660769205527	0.4114285714285715	0.16805094788243222	0.6072142857142857	0.7643276341305753	0.4925917245984317	0.4939285714285714	0.18051433607879336	0.503	0.7852134453781512	0.508141860615915	0.4417857142857142	0.08308915905099562	0.45617857142857143	0.8327374111182935	0.6722259285237306	0.35467857142857145	0.02321187968703807	0.2505	0.8963562055591469	0.798375729918219	0.2144285714285714	0.1621452418934499	0.29746428571428574	0.8512678571428572	0.6616423886890894	0.29746428571428574	2
0.01956686172746559	0.41382142857142856	0.8084220588235296	0.6209045080874074	0.38825	0.09992624502877087	0.5422857142857144	0.7996961215255333	0.6110674981087588	0.4241428571428571	0.09544265393520186	0.39799999999999996	0.8320134453781513	0.6591539916391901	0.3462857142857143	0.13112704262433825	0.5812142857142857	0.7976079831932774	0.5906718178723033	0.43392857142857144	0.007188543222799711	0.24289285714285713	0.8975090336134454	0.8022990052826634	0.21125	0.10364410976990052	0.3638571428571429	0.8180714285714286	0.6030125836335493	0.3638571428571429	2
0.026569681961118367	0.5027142857142857	0.7609857142857144	0.5145042417666917	0.48214285714285715	0.18318973416482862	0.598107142857143	0.7724912895927603	0.504078080990132	0.4788214285714286	0.17368956967514104	0.5071785714285713	0.7844249999999999	0.508992284232446	0.4438214285714285	0.10874459367524936	0.4472142857142857	0.8401264705882353	0.6868196912329365	0.34085714285714286	0.03652348436085151	0.26903571428571427	0.8901122010342598	0.7846015529800942	0.22782142857142856	0.10883425585347942	0.15503571428571428	0.9224821428571428	0.8337875301347238	0.15503571428571428	2
0.274230436675364	0.3976071428571428	0.8550350840336135	0.6432708609211241	0.30774999999999997	0.48406536716563564	0.7378928571428571	0.8042216386554621	0.5763386259263679	0.44889285714285715	0.37519452124808667	0.46567857142857155	0.844885924369748	0.6069905754404012	0.3360357142857144	0.527155190169238	0.7924642857142857	0.7949942954104718	0.5104485047685106	0.4716785714285714	0.3635546119385164	0.4561428571428571	0.8234928894634778	0.5049448292756793	0.37	0.18265697921581345	0.12614285714285714	0.9369285714285714	0.8576154932040778	0.12614285714285714	2
0.3414085678372547	0.6980714285714286	0.7663987394957984	0.4482566997575731	0.5055714285714286	0.5093959187731082	0.6693571428571429	0.777392857142857	0.4897904695700322	0.4825714285714286	0.4518084163457527	0.3556071428571429	0.8514250000000003	0.5869068325569579	0.3068928571428572	0.4468003302640593	0.7335714285714283	0.7643999999999996	0.487434561280396	0.5145	0.11183228238688489	0.4461785714285714	0.8408031512605043	0.6859773304994733	0.33960714285714283	0.11844985478556187	0.2934285714285714	0.8532857142857142	0.6789066033118312	0.2934285714285714	2
0.2770982119541481	0.45664285714285713	0.8227466386554623	0.5499659080343071	0.37128571428571433	0.5104932269281881	0.72975	0.8028224789915965	0.5663487220785441	0.44989285714285715	0.40057774262137796	0.46075	0.8455804621848741	0.5993318920570928	0.3341071428571429	0.5427494059726212	0.793392857142857	0.8024340733590732	0.5219315138042928	0.4586071428571427	0.36245557069521434	0.44171428571428584	0.8250176470588236	0.5088196449847913	0.36521428571428577	0.31388866973899	0.15700000000000003	0.9215000000000001	0.7993794627773498	0.15700000000000003	2
0.3105964960336098	0.6186071428571428	0.7830535714285715	0.48728779264121	0.4646785714285714	0.473543763911365	0.5978214285714285	0.7924607142857141	0.5446991961493189	0.4455357142857142	0.4277462912293403	0.3023571428571428	0.8684928571428571	0.6404980324652346	0.2695714285714286	0.41071669885506024	0.6197142857142857	0.7845268907563024	0.5452880183528551	0.4623571428571429	0.1436104609092638	0.4105357142857143	0.8423892857142855	0.6828806275848013	0.3311071428571428	-0.0033937607017369776	0.22846428571428573	0.8857678571428572	0.772226001536454	0.22846428571428573	2
0.07399655777433195	0.4402142857142858	0.8334037815126052	0.6773848930758252	0.3509285714285715	0.345663901657543	0.5322142857142858	0.7915911764705882	0.4710671693731421	0.43600000000000005	0.14605900211228473	0.3438571428571429	0.8564756302521012	0.6939561240026753	0.2965000000000001	0.38384925002623993	0.6073571428571429	0.7833565287653523	0.4643424223610004	0.4621428571428572	0.08094298048914138	0.2911785714285714	0.8773505332902392	0.7524293274834141	0.25289285714285714	0.1912128295736192	0.40449999999999997	0.7977928571428572	0.5091306215461002	0.40442857142857147	2
0.103181277744248	0.6171071428571429	0.8041682773109244	0.6325240154350195	0.4290357142857143	0.3019422863981628	0.5410714285714284	0.7936869747899158	0.5061991395464347	0.4339999999999999	0.15516946816860844	0.49685714285714294	0.7980613445378152	0.5718159044407812	0.41935714285714293	0.2890360281560587	0.7995357142857142	0.7397069327731093	0.4431883669179828	0.5668928571428571	0.08906976528073085	0.33342857142857146	0.8836756302521008	0.7763985997632182	0.24942857142857147	0.0971458502160695	0.4419642857142857	0.7790607142857142	0.5138371431629651	0.44189285714285714	2
0.10229657579647142	0.7375357142857143	0.7648378312863607	0.5596161243501236	0.5145357142857142	0.3177365834409407	0.6528571428571428	0.7656751131221718	0.44260697427115775	0.4992142857142856	0.18152258086662876	0.5331428571428571	0.7855238526179702	0.522396010548257	0.4462142857142858	0.31820431740228594	0.9004642857142856	0.7166858099372805	0.386437282051284	0.6216785714285715	0.08274810444477324	0.3998214285714286	0.8656002100840335	0.7421930273156158	0.2905357142857143	0.11161501411130961	0.4446785714285714	0.7778321428571429	0.5030536928173203	0.44439285714285715	2
0.11913265844664608	0.7233571428571427	0.7920348739495797	0.61090562374433	0.4665714285714286	0.1249302632820404	0.5634999999999999	0.7884936328377503	0.559711001868147	0.44607142857142856	0.2200740364058	0.5096428571428572	0.7950251131221722	0.5356606235028188	0.4264285714285715	0.1987303116966213	0.8412857142857142	0.7523467635702931	0.4879323697491073	0.5519999999999999	0.03381395274724877	0.44632142857142854	0.8726224789915967	0.7770302373755595	0.2864642857142857	0.03990336833549274	0.2959642857142857	0.852017857142857	0.6952454180550424	0.2959642857142857	2
0.30130467384325754	0.40625	0.8388926470588234	0.629924203814253	0.33617857142857144	0.09608178205684188	0.12525	0.9594260665804784	0.9188709159637612	0.08839285714285713	0.11890493680833022	0.18492857142857141	0.9143827731092437	0.8173439469103692	0.1735	0.19843304885024418	0.5608571428571427	0.7698275371687134	0.48456844359761203	0.4768571428571427	0.23195619433149173	0.4556428571428571	0.8253491596638656	0.644843381950143	0.367	0.010075602024414595	0.11817857142857144	0.9410821428571429	0.8815529273818505	0.11789285714285716	2
0.31395126509387816	0.41507142857142854	0.8342096638655462	0.6116397499128629	0.3454285714285714	0.09540726439299634	0.13582142857142857	0.9609798480930833	0.922032208145216	0.08746428571428572	0.11898320357073858	0.19389285714285717	0.9124292016806725	0.8143809891004108	0.17825000000000005	0.2205673817498599	0.5488214285714287	0.7827578054298644	0.5023374216640462	0.4531785714285715	0.25870166941058736	0.44685714285714295	0.8229806722689078	0.6330699678421601	0.3695000000000001	-0.003623126199591577	0.11757142857142858	0.9413	0.8828782518858765	0.11742857142857142	2
0.3357523635077516	0.37914285714285706	0.8508756302521007	0.6437320910922809	0.3117142857142856	0.09127323442272713	0.11810714285714285	0.9598489495798319	0.9201288313744607	0.08653571428571429	0.13429403035434104	0.16871428571428573	0.9214285714285713	0.8305584794312211	0.15907142857142856	0.22037104772304605	0.5434285714285715	0.7768541047188107	0.4838032125455429	0.46228571428571424	0.26917330823147056	0.4615357142857144	0.8186640756302523	0.6165628081781868	0.379107142857143	0.023609101832899642	0.13257142857142856	0.9337142857142856	0.865587533448365	0.13257142857142856	2
0.53151149994362	0.45292857142857146	0.8187827731092437	0.4995614632978057	0.3775	0.829008541714484	0.6552857142857142	0.8135210084033615	0.43147696925792	0.4199285714285715	0.8038669609177235	0.3998214285714286	0.8534892857142858	0.4676347126655548	0.3108214285714286	0.8338286673302403	0.6566071428571428	0.7910886716224952	0.3747598993260314	0.45732142857142855	0.39295302551316297	0.3756071428571429	0.8397964285714287	0.5485898178651388	0.3296071428571429	0.5720675728139099	0.21314285714285713	0.8934285714285715	0.5850178830338332	0.21314285714285713	2
0.54590069721027	0.4897142857142857	0.8021420168067227	0.45330169144774624	0.41135714285714287	0.8298186311080641	0.6147142857142858	0.8113154492566258	0.4202928886442144	0.416857142857143	0.8081834449247784	0.37425	0.8609934873949578	0.4742018616710028	0.2940357142857143	0.8328124420682664	0.6133571428571428	0.7996108274078862	0.3743204727590125	0.4360714285714286	0.3995261778470921	0.34278571428571436	0.8556878151260505	0.5990866198315772	0.2976428571428572	0.6190302287339405	0.19357142857142856	0.9032142857142857	0.5882422905121144	0.19357142857142856	2
0.083666166119986	0.3908928571428572	0.8152678571428572	0.6095415368980868	0.3730357142857143	0.07722817591361764	0.3855714285714285	0.8185512605042017	0.6134136459359281	0.3666428571428571	0.004801939820845417	0.0749642857142857	0.9660749999999999	0.9335371619025463	0.06903571428571428	0.00638025906601718	0.12110714285714283	0.9507607142857141	0.9049171035435863	0.10225000000000001	0.03429965045236262	0.08982142857142857	0.9599321428571429	0.9204880138673558	0.08175	0.03775535271927769	0.04746428571428571	0.9762678571428571	0.9515576636467692	0.04746428571428571	2
0.17654729253921492	0.34675	0.833482142857143	0.6204711158565279	0.3353214285714286	0.186611802335384	0.31982142857142865	0.8424035714285716	0.6313464737352694	0.31596428571428575	0.25459719875764025	0.08060714285714285	0.9602107142857144	0.9064673131425746	0.07974999999999999	0.20233261232059102	0.11678571428571427	0.9450357142857142	0.8778715287092795	0.11107142857142858	0.12721646375270787	0.09082142857142858	0.9585321428571428	0.9136378354620365	0.08425	0.14161986607866056	0.05764285714285714	0.9711785714285714	0.9372987811269365	0.05764285714285714	2
0.12132497956493296	0.3462142857142857	0.8323357142857143	0.6402343420616409	0.3371428571428571	0.1083275284873928	0.32035714285714284	0.8424357142857143	0.6577552794566237	0.316	0.09781770954965298	0.07096428571428574	0.9649035714285716	0.9262424639589877	0.07032142857142858	0.14723639434403926	0.10389285714285715	0.9507107142857142	0.8948085845929421	0.09946428571428571	0.17996211549773744	0.09082142857142855	0.9579321428571428	0.9084573308300041	0.08524999999999998	0.12740895856789708	0.04478571428571429	0.9776071428571429	0.9517852599838101	0.04478571428571429	2
0.07774223315249344	0.6193571428571428	0.7772735294117648	0.569375842032129	0.4744285714285715	0.09232838110293286	0.43253571428571425	0.797345588235294	0.5656413305230783	0.4098214285714285	0.15784524164446534	0.4394642857142857	0.7968107142857143	0.5417846619257131	0.4118928571428571	0.13332120469834352	0.5786428571428571	0.7717777310924367	0.5188776938975983	0.47678571428571426	0.028405686942178293	0.29025000000000006	0.8931892857142858	0.7991754168759044	0.2263928571428572	0.13924851116376039	0.3458214285714286	0.8270892857142857	0.6099244579353701	0.3458214285714286	2
0.07810893203479909	0.5945357142857142	0.7812464285714283	0.5719311918975096	0.46367857142857133	0.10534394120416289	0.41532142857142856	0.8005199579831934	0.5651410560783088	0.4016785714285714	0.14750314597073116	0.42517857142857146	0.8033107142857143	0.5597904833096768	0.39867857142857144	0.08246597013087055	0.5387142857142857	0.7815571428571428	0.5551297743109539	0.4538571428571429	0.014899180348494521	0.2643928571428572	0.8993464285714287	0.8116874021293606	0.2118214285714286	0.1544885425747936	0.3195	0.8402500000000002	0.6361644874574821	0.3195	2
0.08064316048529538	0.5936428571428571	0.7704214285714285	0.5392596280351158	0.48157142857142854	0.11351591476848086	0.42414285714285727	0.7928571428571429	0.5417895117109596	0.4159285714285715	0.10804146778793063	0.33371428571428574	0.842442857142857	0.663168971065198	0.3182142857142857	0.06491184603973366	0.4309285714285714	0.81625	0.6327936601503926	0.3780714285714286	0.0003390259081279644	0.2492142857142857	0.9005928571428573	0.8131240601807932	0.2072142857142857	0.16606624420297034	0.34978571428571426	0.8251071428571428	0.5942606000016203	0.34978571428571426	2
0.07955102084395757	0.6549999999999999	0.7628428571428572	0.5353236480515925	0.5044285714285714	0.10572861916689653	0.44646428571428565	0.7867283613445377	0.5332020714322028	0.4298214285714286	0.11669083252697202	0.4281428571428572	0.8044000000000001	0.5769068625534147	0.39735714285714296	0.06301891748523977	0.5481785714285715	0.7820283613445379	0.5681780831602654	0.45460714285714293	0.008012146744190724	0.3216428571428572	0.8805357142857143	0.7788643960594036	0.25271428571428567	0.08766902183213808	0.31992857142857145	0.8400357142857142	0.6570837007535025	0.31992857142857145	2
0.2763576376487676	0.3878571428571428	0.8496937944408531	0.6572180158883073	0.3147142857142857	0.31300425434903595	0.43142857142857144	0.8384682436800084	0.6000273229323029	0.3391428571428572	0.3191609658134476	0.44114285714285706	0.8162048480930835	0.5107629846911503	0.379	0.3447801696188506	0.5186071428571429	0.8079082893656425	0.5028438944074565	0.40453571428571444	0.23845137545358513	0.22407142857142856	0.9150096638655464	0.8261752791246751	0.17892857142857138	0.07487265709543582	0.13271428571428573	0.9346714285714286	0.8648541563377572	0.131	2
0.37806251135154434	0.24696428571428572	0.8946741596638654	0.7199035383937467	0.21667857142857144	0.3763450804183882	0.3015714285714286	0.8793824175824175	0.663127992693626	0.25064285714285717	0.4317912860666528	0.31592857142857134	0.8594180672268906	0.5470337731617598	0.2868571428571428	0.45167410734102	0.34932142857142856	0.8576351486748545	0.5520483563557653	0.29482142857142857	0.1377909018855559	0.11275	0.9538855042016807	0.9034231950684879	0.09560714285714286	0.06207569674816691	0.12267857142857143	0.9387892857142857	0.873159343874827	0.12246428571428572	2
0.1897677461531623	0.12589285714285714	0.9409107142857143	0.8677246004020269	0.11946428571428572	0.004027078486459077	0.01757142857142857	0.9917285714285714	0.9836711239545669	0.016714285714285716	0.3461165443716543	0.037250000000000005	0.9815464285714286	0.9528850900806243	0.03696428571428573	0.19319340763150397	0.40378571428571436	0.80355	0.5298638037365867	0.39471428571428574	0.2629579689815358	0.41017857142857145	0.8056249999999999	0.5044098112180821	0.3923214285714286	0.2952488540702355	0.22978571428571426	0.8851071428571429	0.7053613706925735	0.22978571428571426	2
0.19752924984632622	0.12412186379928317	0.940820788530466	0.8670196813882575	0.11931899641577061	-0.00354505870137373	0.008172043010752687	0.996258064516129	0.9927006279902414	0.0075985663082437285	0.3784561756575247	0.03301075268817204	0.9835806451612901	0.9567354045630214	0.0328673835125448	0.26728002356519714	0.3802867383512545	0.8142437275985663	0.5138512012254222	0.3729749103942652	0.3038600122654965	0.36197132616487454	0.829594982078853	0.5454471713597836	0.34433691756272394	0.24384812799997302	0.2582437275985663	0.8708781362007169	0.6839367299294775	0.2582437275985663	2
0.5370193791322669	0.15100000000000002	0.9261714285714286	0.7488043462611526	0.14821428571428574	0.49953454218742843	0.1328214285714286	0.9347035714285714	0.7909549156376922	0.1309642857142857	0.2570169397275454	0.07189285714285715	0.9641392857142858	0.9153351482781972	0.07175	0.019937943480932894	0.10628571428571426	0.9479714285714282	0.8956133985676393	0.10442857142857141	0.13152778322665798	0.19328571428571428	0.9035714285714285	0.7893124882336733	0.19292857142857142	0.38478044815667295	0.2692857142857143	0.8653571428571429	0.6065785318539739	0.2692857142857143	2
0.37270599981384367	0.2117857142857143	0.8967214285714286	0.7195388226822363	0.20742857142857146	0.38218888354801434	0.18285714285714286	0.9095142857142857	0.7493740074630454	0.18128571428571427	0.05302097491062496	0.06764285714285716	0.9663928571428573	0.930769574062238	0.06728571428571428	0.052974801156383075	0.14999999999999997	0.9273142857142854	0.8522867050183407	0.14614285714285713	0.10918160603049235	0.21949999999999997	0.8917928571428572	0.7673076322773159	0.21692857142857144	0.3584567756381805	0.2922142857142857	0.8538928571428571	0.5839462426334417	0.2922142857142857	2
0.618677056294533	0.6632857142857143	0.7557277310924368	0.42226669382546106	0.5176428571428571	0.3906621617649622	0.3219642857142857	0.8440271008403362	0.5347393199551744	0.3136071428571429	0.5937745073370816	0.3852142857142857	0.8146785714285713	0.4506300492937977	0.37307142857142855	0.6456515914383211	0.5837142857142855	0.7649134453781511	0.3774181760220839	0.48907142857142843	0.5901098855320198	0.5642857142857144	0.8114521008403364	0.5893410125569345	0.40828571428571436	0.40243589610189723	0.2554642857142857	0.872267857142857	0.6229076711975337	0.2554642857142857	2
0.632443889340897	0.636107142857143	0.7725792016806724	0.4566317399375206	0.48503571428571435	0.41499496970939176	0.3038571428571428	0.8525235294117647	0.547338674862283	0.2964285714285714	0.6093952549600097	0.3990714285714286	0.8154214285714286	0.43658553116246096	0.37414285714285717	0.6480863497214822	0.5891428571428572	0.7708070458952815	0.3813005202392123	0.48014285714285726	0.6059306283211763	0.5400357142857143	0.8280771008403361	0.6225278044769879	0.3765357142857143	0.41576477161795944	0.23582142857142857	0.8820892857142857	0.6493736405183075	0.23582142857142857	2
0.7075002812551155	0.5615357142857144	0.7952506302521007	0.4239319623164422	0.4348214285714286	0.5088136165953381	0.2583214285714286	0.8757476890756303	0.5619708826613561	0.25010714285714286	0.6688194042248744	0.37074999999999997	0.828425	0.4304920446537939	0.34774999999999995	0.6974018815539617	0.5238928571428573	0.7897175662572722	0.37481646529076235	0.4376785714285714	0.6744659491970681	0.5335714285714286	0.8180714285714286	0.5408290734924426	0.3921428571428571	0.5028212290682761	0.21942857142857142	0.8902857142857143	0.6279365320359265	0.21942857142857142	2
0.702792532188151	0.5393214285714285	0.801777100840336	0.4302111904255245	0.42024999999999996	0.5312841614295912	0.24339285714285713	0.8824128151260504	0.5691121957281627	0.2365357142857143	0.6564186917446946	0.3656428571428572	0.8300357142857142	0.4398581229980264	0.3442142857142857	0.7005776479496055	0.4683928571428572	0.8044834033613445	0.3916373009688991	0.4038928571428571	0.6456001577257408	0.5278571428571428	0.8148806722689075	0.5427256842709279	0.3965	0.4988359077105158	0.21335714285714286	0.8933214285714286	0.6429188521969192	0.21335714285714286	2
0.6335452467767788	0.5186071428571428	0.7967964285714286	0.41379723973492727	0.42510714285714285	0.5083060029660091	0.25328571428571434	0.8766470588235294	0.5672866338985963	0.2477857142857143	0.5444845475952151	0.333392857142857	0.8387892857142856	0.5277964299126807	0.3242499999999999	0.6078533466132678	0.44835714285714295	0.8096256302521009	0.4391151527184399	0.39200000000000007	0.5293607569313958	0.45953571428571416	0.8324985294117645	0.6059277820341432	0.3557499999999999	0.3750901969576612	0.19557142857142856	0.9022142857142856	0.7301260182674086	0.19557142857142856	2
0.3265120862786972	0.35432142857142856	0.8425813025210084	0.5855027557926746	0.3213928571428572	0.3331509460192159	0.3044285714285714	0.8536924369747898	0.5933886043009975	0.2945	0.16405314617637934	0.23835714285714282	0.8852155462184874	0.7442968980514292	0.231	0.171790841148501	0.28382142857142845	0.8729481092436974	0.7236299176050291	0.2589642857142856	0.12181420433903203	0.1102142857142857	0.9606920168067226	0.918891255974352	0.08385714285714284	0.19337092733368932	0.39142857142857146	0.8042857142857143	0.5260616597871006	0.39142857142857146	2
0.3177489628375699	0.1120357142857143	0.9439821428571429	0.8676593219574096	0.1120357142857143	0.3422265158055157	0.15692857142857142	0.9351542016806722	0.8592856875667968	0.1342142857142857	0.5153740379557515	0.26271428571428573	0.8772571428571427	0.5693331267225485	0.24835714285714286	0.6280622916433881	0.23464285714285713	0.8990928571428571	0.5811547266662559	0.2072857142857143	-0.42148561085222935	0.05857142857142857	0.9891967679379445	0.9820778744736145	0.02764285714285715	0.09206963266716804	0.1605714285714286	0.9197142857142857	0.8296779218959806	0.1605714285714286	2
0.15762442449331787	0.34264285714285714	0.8700256302521009	0.7270334344415795	0.27371428571428574	0.024718514481129734	0.09871428571428571	0.9631697478991597	0.9295542449947475	0.07778571428571429	0.11219506317726666	0.12985714285714284	0.9390999999999999	0.8716254198042755	0.12314285714285715	0.15498125895088882	0.5559999999999998	0.7708280542986424	0.4911142942330226	0.4744999999999999	0.07672435653921085	0.5254285714285715	0.8004495798319328	0.6049069058920707	0.42007142857142865	0.03966687903373	0.11721428571428572	0.9413928571428571	0.8800480433893763	0.11721428571428572	2
0.16785935581753614	0.28789285714285723	0.8918292016806725	0.7754764088702415	0.22825000000000004	0.10269417546889945	0.1395	0.9544998943028355	0.914457966474665	0.09857142857142859	0.1399719470864125	0.12039285714285716	0.9499779734970913	0.8946053228510713	0.10325000000000001	0.18243130696804458	0.4388571428571429	0.8290998707175179	0.6198308401557343	0.35750000000000004	0.16733355874243333	0.5642500000000001	0.7661750000000002	0.47916235372208643	0.48375	0.07460949280746	0.12989285714285714	0.9350535714285714	0.8640760622344138	0.12989285714285714	2
